Customer_ID,Churned
1,0
2,0
3,0
4,1
5,0
6,1
7,1
8,0
9,0
10,0
11,0
12,1
13,1
14,0
15,0
16,1
17,1
18,0
19,0
20,0
21,1
22,0
23,0
24,1
25,1
26,1
27,0
28,0
29,1
30,0
31,0
32,0
33,0
34,0
35,1
36,1
37,1
38,0
39,0
40,0
41,1
42,0
43,1
44,1
45,0
46,0
47,1
48,1
49,0
50,0
51,1
52,0
53,0
54,0
55,0
56,0
57,0
58,0
59,0
60,1
61,1
62,1
63,1
64,0
65,0
66,1
67,0
68,0
69,1
70,0
71,0
72,1
73,1
74,0
75,1
76,1
77,1
78,0
79,0
80,1
81,1
82,1
83,0
84,0
85,1
86,0
87,0
88,0
89,0
90,1
91,1
92,0
93,0
94,1
95,0
96,0
97,1
98,0
99,1
100,0
101,0
102,0
103,1
104,0
105,0
106,1
107,0
108,0
109,0
110,1
111,0
112,0
113,0
114,0
115,1
116,1
117,1
118,1
119,1
120,0
121,1
122,0
123,0
124,1
125,0
126,1
127,0
128,1
129,0
130,1
131,1
132,0
133,0
134,0
135,0
136,1
137,1
138,0
139,1
140,1
141,0
142,1
143,1
144,0
145,0
146,0
147,1
148,1
149,1
150,0
151,0
152,0
153,0
154,1
155,1
156,1
157,1
158,0
159,0
160,0
161,1
162,1
163,0
164,0
165,0
166,0
167,0
168,0
169,0
170,1
171,0
172,0
173,0
174,0
175,0
176,0
177,0
178,0
179,1
180,0
181,1
182,0
183,0
184,0
185,0
186,1
187,1
188,1
189,1
190,1
191,0
192,0
193,1
194,1
195,0
196,1
197,0
198,0
199,0
200,1
201,1
202,0
203,0
204,0
205,1
206,0
207,0
208,0
209,0
210,0
211,1
212,0
213,1
214,0
215,0
216,0
217,1
218,1
219,1
220,0
221,0
222,1
223,1
224,0
225,1
226,0
227,0
228,0
229,0
230,0
231,0
232,0
233,0
234,0
235,1
236,0
237,0
238,0
239,1
240,0
241,0
242,0
243,1
244,0
245,0
246,0
247,0
248,1
249,1
250,1
251,1
252,0
253,0
254,1
255,0
256,1
257,0
258,0
259,1
260,1
261,1
262,0
263,1
264,0
265,0
266,1
267,1
268,0
269,1
270,0
271,0
272,0
273,1
274,0
275,1
276,0
277,1
278,0
279,1
280,0
281,1
282,1
283,1
284,0
285,1
286,0
287,1
288,1
289,0
290,0
291,0
292,0
293,1
294,0
295,0
296,0
297,0
298,0
299,1
300,0
301,1
302,0
303,0
304,1
305,0
306,0
307,0
308,0
309,0
310,0
311,0
312,0
313,0
314,0
315,0
316,0
317,1
318,0
319,1
320,0
321,1
322,0
323,1
324,1
325,0
326,1
327,0
328,0
329,1
330,1
331,0
332,0
333,1
334,1
335,1
336,1
337,0
338,1
339,0
340,0
341,0
342,0
343,0
344,1
345,0
346,0
347,1
348,0
349,0
350,0
351,1
352,0
353,0
354,0
355,0
356,0
357,0
358,0
359,1
360,0
361,0
362,0
363,0
364,1
365,0
366,0
367,1
368,0
369,0
370,0
371,0
372,0
373,0
374,0
375,1
376,0
377,0
378,0
379,0
380,0
381,1
382,1
383,1
384,1
385,0
386,0
387,0
388,0
389,1
390,0
391,1
392,0
393,1
394,1
395,1
396,1
397,0
398,1
399,1
400,1
401,1
402,1
403,1
404,0
405,1
406,0
407,0
408,0
409,0
410,0
411,0
412,0
413,0
414,0
415,1
416,1
417,1
418,1
419,1
420,0
421,1
422,1
423,0
424,0
425,1
426,0
427,1
428,0
429,0
430,0
431,0
432,0
433,1
434,1
435,1
436,0
437,1
438,0
439,0
440,0
441,0
442,0
443,0
444,1
445,1
446,0
447,0
448,0
449,0
450,1
451,0
452,1
453,1
454,0
455,1
456,0
457,0
458,0
459,0
460,0
461,0
462,1
463,1
464,1
465,0
466,1
467,1
468,1
469,1
470,1
471,0
472,1
473,0
474,1
475,0
476,0
477,0
478,1
479,0
480,0
481,1
482,1
483,0
484,0
485,1
486,1
487,0
488,1
489,0
490,2
491,1
492,0
493,0
494,1
495,1
496,0
497,1
498,1
499,0
500,1
501,0
502,1
503,0
504,0
505,0
506,1
507,1
508,1
509,1
510,0
511,1
512,0
513,1
514,0
515,1
516,1
517,1
518,0
519,0
520,0
521,1
522,0
523,1
524,0
525,0
526,1
527,0
528,1
529,1
530,0
531,0
532,0
533,0
534,1
535,0
536,0
537,0
538,0
539,0
540,1
541,1
542,1
543,1
544,0
545,1
546,0
547,0
548,0
549,0
550,1
551,0
552,1
553,0
554,0
555,2
556,0
557,0
558,0
559,1
560,1
561,0
562,1
563,1
564,1
565,1
566,0
567,1
568,0
569,0
570,1
571,1
572,0
573,0
574,1
575,0
576,0
577,0
578,0
579,1
580,0
581,1
582,0
583,1
584,1
585,1
586,1
587,1
588,0
589,1
590,1
591,0
592,0
593,1
594,1
595,0
596,0
597,1
598,0
599,1
600,1
601,1
602,0
603,1
604,1
605,1
606,0
607,0
608,1
609,0
610,0
611,0
612,1
613,0
614,0
615,0
616,1
617,0
618,0
619,0
620,1
621,0
622,0
623,0
624,1
625,1
626,1
627,1
628,0
629,1
630,0
631,0
632,0
633,0
634,1
635,0
636,1
637,0
638,0
639,1
640,1
641,1
642,0
643,0
644,1
645,1
646,0
647,1
648,1
649,1
650,1
651,1
652,0
653,0
654,1
655,0
656,0
657,0
658,0
659,1
660,1
661,2
662,0
663,1
664,1
665,1
666,0
667,0
668,0
669,1
670,1
671,1
672,0
673,1
674,1
675,0
676,0
677,0
678,0
679,0
680,0
681,0
682,0
683,0
684,1
685,0
686,1
687,0
688,1
689,0
690,1
691,0
692,1
693,0
694,1
695,0
696,0
697,0
698,1
699,1
700,1
701,0
702,0
703,1
704,0
705,1
706,1
707,1
708,0
709,0
710,0
711,1
712,0
713,0
714,0
715,0
716,1
717,1
718,0
719,0
720,1
721,0
722,1
723,1
724,0
725,0
726,1
727,0
728,0
729,0
730,0
731,1
732,1
733,1
734,0
735,0
736,1
737,0
738,1
739,0
740,1
741,0
742,0
743,0
744,0
745,0
746,1
747,1
748,1
749,1
750,0
751,0
752,0
753,1
754,0
755,1
756,0
757,1
758,1
759,0
760,0
761,1
762,0
763,0
764,1
765,0
766,1
767,1
768,0
769,0
770,0
771,1
772,0
773,1
774,0
775,0
776,0
777,0
778,0
779,0
780,0
781,0
782,0
783,1
784,0
785,0
786,1
787,0
788,1
789,0
790,0
791,1
792,0
793,1
794,0
795,1
796,1
797,0
798,1
799,0
800,1
