Customer_ID,Age,Income,Gender,Education,Region,Signup_Date,Churned
1,35,28000.0,Male,High School,West,2023-03-16,1
2,59,21000.0,Male,Bachelor,West,2023-01-08,0
3,56,30000.0,Male,PhD,West,2023-02-14,1
4,34,47000.0,Female,Master,North,2023-02-28,1
5,31,20000.0,Male,High School,North,2023-05-12,1
6,48,20000.0,Male,Bachelor,North,2023-04-14,1
7,41,49000.0,Female,Bachelor,West,2023-04-08,0
8,52,32000.0,Male,Bachelor,North,2023-03-20,0
9,61,17000.0,Female,PhD,West,2023-05-04,0
10,62,29000.0,Female,PhD,North,2023-01-04,0
11,51,17000.0,Male,High School,North,2023-03-31,1
12,20,17000.0,Female,High School,South,2023-04-14,0
13,54,25000.0,Female,PhD,East,2023-05-17,1
14,60,8000.0,Male,High School,West,2023-04-29,1
15,57,9000.0,Female,Master,South,2023-05-13,1
16,43,17000.0,Female,Master,North,2023-02-25,1
17,40,13000.0,Male,PhD,West,2023-04-06,0
18,61,26000.0,Male,High School,North,2023-03-16,0
19,56,14000.0,Male,Bachelor,East,2023-05-23,0
20,32,11000.0,Female,Master,South,2023-02-01,0
21,66,46000.0,Male,PhD,East,2023-01-28,0
22,21,20000.0,Female,High School,South,2023-01-22,0
23,46,23000.0,Female,PhD,North,2023-01-17,1
24,39,11000.0,Female,Bachelor,East,2023-02-28,0
25,42,17000.0,Female,Master,East,2023-03-31,0
26,30,23000.0,Female,PhD,North,2023-04-16,1
27,35,12000.0,Female,PhD,East,2023-01-26,0
28,50,27000.0,Female,PhD,West,2023-01-25,0
29,33,16000.0,Male,Bachelor,South,2023-05-18,1
30,62,19000.0,Male,PhD,South,2023-02-14,1
31,59,16000.0,Female,Bachelor,South,2023-03-24,1
32,61,56000.0,Female,Bachelor,West,2023-01-11,0
33,19,22000.0,Male,Bachelor,South,2023-04-14,1
34,52,13000.0,Female,Master,North,2023-03-09,1
35,59,33000.0,Male,Master,East,2023-04-05,0
36,51,12000.0,Male,PhD,West,2023-03-06,1
37,47,24000.0,Male,PhD,South,2023-02-18,1
38,30,8000.0,Female,Master,North,2023-02-21,0
39,30,11000.0,Female,High School,East,2023-04-12,0
40,35,24000.0,Male,Master,East,2023-02-26,1
41,49,32000.0,Male,Bachelor,West,2023-02-16,1
42,49,24000.0,Male,Master,West,2023-01-26,0
43,52,21000.0,Male,Bachelor,West,2023-04-24,1
44,56,19000.0,Male,PhD,North,2023-01-05,0
45,63,11000.0,Female,High School,North,2023-03-25,0
46,69,15000.0,Male,PhD,West,2023-02-21,0
47,46,17000.0,Female,Bachelor,South,2023-04-15,1
48,66,37000.0,Male,Bachelor,East,2023-02-23,1
49,46,26000.0,Female,Bachelor,East,2023-01-15,0
50,61,9000.0,Female,High School,North,2023-03-02,0
51,33,26000.0,Female,Master,East,2023-05-02,0
52,61,18000.0,Female,PhD,South,2023-01-21,1
53,64,16000.0,Female,PhD,East,2023-02-15,1
54,27,30000.0,Female,Master,North,2023-05-14,1
55,47,37000.0,Male,PhD,North,2023-02-07,1
56,42,35000.0,Female,High School,South,2023-03-03,1
57,56,14000.0,Male,PhD,South,2023-03-27,0
58,37,19000.0,Female,Bachelor,East,2023-03-19,0
59,22,26000.0,Female,Master,East,2023-02-15,0
60,18,36000.0,Male,High School,North,2023-05-21,1
61,47,17000.0,Female,Master,South,2023-01-03,1
62,66,20000.0,Male,High School,South,2023-01-06,0
63,20,13000.0,Male,Bachelor,South,2023-04-03,1
64,62,12000.0,Male,Master,East,2023-01-08,0
65,31,33000.0,Male,PhD,South,2023-04-18,0
66,47,43000.0,Female,High School,North,2023-03-16,1
67,67,21000.0,Female,Master,North,2023-03-18,1
68,21,36000.0,Male,PhD,East,2023-02-19,1
69,35,26000.0,Female,Master,West,2023-01-11,0
70,54,16000.0,Female,Master,East,2023-04-05,0
71,42,26000.0,Male,Master,West,2023-03-11,1
72,65,48000.0,Female,High School,South,2023-01-16,0
73,18,22000.0,Male,PhD,East,2023-03-09,0
74,63,48000.0,Male,Bachelor,North,2023-04-09,1
75,32,6000.0,Female,High School,South,2023-02-17,0
76,26,33000.0,Female,High School,North,2023-03-05,1
77,32,23000.0,Female,High School,South,2023-03-31,1
78,66,19000.0,Male,Bachelor,East,2023-03-17,0
79,41,23000.0,Male,PhD,West,2023-05-19,0
80,21,8000.0,Female,PhD,South,2023-04-11,1
81,29,20000.0,Female,PhD,West,2023-03-30,1
82,54,26000.0,Female,Master,South,2023-01-18,1
83,54,46000.0,Female,Master,North,2023-01-19,1
84,60,17000.0,Male,Master,North,2023-02-24,1
85,23,15000.0,Female,Bachelor,South,2023-04-12,1
86,56,17000.0,Male,Master,West,2023-04-28,0
87,63,35000.0,Male,Bachelor,East,2023-05-14,0
88,41,26000.0,Female,PhD,East,2023-01-04,0
89,28,17000.0,Female,Master,North,2023-04-18,0
90,30,28000.0,Female,Master,East,2023-04-25,0
91,51,23000.0,Male,High School,North,2023-01-29,0
92,42,36000.0,Female,Bachelor,East,2023-02-28,1
93,24,16000.0,Female,PhD,South,2023-05-05,0
94,69,19000.0,Male,High School,North,2023-04-08,0
95,21,18000.0,Female,High School,North,2023-01-17,0
96,25,11000.0,Male,PhD,South,2023-04-17,0
97,37,26000.0,Female,High School,North,2023-02-12,0
98,46,25000.0,Male,Bachelor,East,2023-03-21,0
99,68,22000.0,Female,Bachelor,East,2023-01-08,0
100,62,20000.0,Female,Master,North,2023-05-21,1
101,63,11000.0,Male,High School,East,2023-04-16,1
102,27,18000.0,Male,Master,West,2023-01-08,1
103,60,19000.0,Female,High School,North,2023-04-06,1
104,51,15000.0,Male,Bachelor,South,2023-04-04,0
105,43,20000.0,Male,Bachelor,West,2023-03-06,1
106,58,27000.0,Male,Bachelor,North,2023-02-08,1
107,66,57000.0,Male,High School,South,2023-03-22,0
108,20,24000.0,Female,Bachelor,East,2023-03-25,1
109,23,25000.0,Female,High School,South,2023-03-29,0
110,22,21000.0,Male,Master,West,2023-03-27,1
111,22,8000.0,Male,High School,East,2023-04-03,1
112,64,22000.0,Male,Master,North,2023-03-27,0
113,40,23000.0,Male,High School,East,2023-02-13,1
114,66,75000.0,Female,Master,North,2023-05-17,1
115,26,20000.0,Female,Bachelor,North,2023-03-15,1
116,52,26000.0,Male,Master,South,2023-02-05,0
117,37,22000.0,Male,Bachelor,South,2023-04-11,1
118,66,12000.0,Male,Bachelor,South,2023-04-14,0
119,59,39000.0,Female,Master,West,2023-03-07,0
120,52,32000.0,Male,High School,West,2023-02-24,0
121,67,33000.0,Female,High School,South,2023-04-01,1
122,35,14000.0,Male,PhD,West,2023-01-22,1
123,34,44000.0,Female,High School,East,2023-04-11,1
124,41,11000.0,Male,PhD,East,2023-05-01,1
125,20,30000.0,Female,High School,West,2023-04-03,0
126,49,66000.0,Male,High School,West,2023-04-18,0
127,52,13000.0,Male,Bachelor,East,2023-05-21,0
128,55,17000.0,Male,PhD,North,2023-01-10,0
129,30,23000.0,Female,High School,East,2023-01-09,0
130,64,17000.0,Male,PhD,East,2023-02-03,0
131,42,10000.0,Female,Bachelor,West,2023-05-09,0
132,26,23000.0,Female,Bachelor,East,2023-03-30,0
133,21,13000.0,Male,PhD,West,2023-04-03,0
134,31,28000.0,Male,Bachelor,West,2023-03-12,0
135,54,14000.0,Male,Master,South,2023-03-08,1
136,51,48000.0,Female,Master,East,2023-05-28,1
137,28,15000.0,Male,Bachelor,North,2023-04-27,1
138,58,19000.0,Female,Master,South,2023-04-04,0
139,20,33000.0,Female,High School,West,2023-04-09,0
140,45,12000.0,Male,PhD,West,2023-04-23,1
141,46,25000.0,Male,High School,North,2023-04-13,0
142,26,42000.0,Male,PhD,West,2023-04-01,0
143,20,10000.0,Male,Bachelor,East,2023-03-31,0
144,42,24000.0,Male,High School,South,2023-01-17,0
145,51,25000.0,Male,Bachelor,West,2023-01-18,0
146,29,33000.0,Female,Bachelor,West,2023-04-26,0
147,59,12000.0,Female,PhD,North,2023-04-03,1
148,26,11000.0,Female,PhD,East,2023-04-01,0
149,32,29000.0,Male,PhD,West,2023-03-23,0
150,57,26000.0,Female,High School,North,2023-03-09,1
151,42,25000.0,Female,Master,West,2023-04-24,0
152,22,26000.0,Female,PhD,North,2023-01-01,0
153,28,16000.0,Female,PhD,North,2023-02-27,1
154,51,25000.0,Female,High School,East,2023-04-19,0
155,41,26000.0,Male,PhD,West,2023-05-28,0
156,32,15000.0,Male,High School,East,2023-04-26,0
157,55,56000.0,Female,Bachelor,North,2023-03-28,0
158,25,28000.0,Female,PhD,South,2023-01-10,0
159,22,12000.0,Female,PhD,West,2023-02-28,1
160,65,31000.0,Male,Bachelor,South,2023-02-10,0
161,43,14000.0,Male,Bachelor,West,2023-04-15,0
162,35,33000.0,Female,Bachelor,East,2023-05-13,0
163,23,39000.0,Male,PhD,East,2023-05-02,0
164,54,15000.0,Male,Master,East,2023-05-25,1
165,65,36000.0,Female,Master,East,2023-01-22,0
166,30,27000.0,Male,Master,East,2023-04-08,0
167,45,33000.0,Male,PhD,South,2023-03-09,0
168,22,57000.0,Female,Bachelor,East,2023-05-19,0
169,30,19000.0,Male,PhD,North,2023-02-25,0
170,34,15000.0,Male,Bachelor,North,2023-05-29,1
171,67,14000.0,Female,PhD,South,2023-04-09,0
172,57,15000.0,Male,PhD,West,2023-03-17,0
173,62,21000.0,Male,Bachelor,North,2023-01-26,0
174,49,26000.0,Female,Master,West,2023-04-25,1
175,46,25000.0,Female,Bachelor,South,2023-05-27,0
176,68,33000.0,Female,High School,West,2023-04-19,1
177,20,22000.0,Male,High School,West,2023-02-16,1
178,57,46000.0,Female,Bachelor,West,2023-03-12,1
179,51,19000.0,Male,PhD,West,2023-02-09,0
180,57,86000.0,Female,High School,South,2023-05-13,0
181,44,30000.0,Male,High School,North,2023-05-29,1
182,30,14000.0,Female,PhD,East,2023-05-12,1
183,62,13000.0,Female,PhD,West,2023-01-23,1
184,50,28000.0,Female,Master,North,2023-04-16,0
185,23,20000.0,Female,PhD,North,2023-03-25,0
186,41,31000.0,Male,Bachelor,South,2023-05-23,0
187,36,28000.0,Female,Bachelor,North,2023-04-26,1
188,33,21000.0,Female,Master,South,2023-04-19,0
189,57,14000.0,Male,High School,West,2023-05-16,0
190,45,10000.0,Female,High School,West,2023-02-10,1
191,50,18000.0,Male,PhD,East,2023-04-22,0
192,65,34000.0,Female,Bachelor,East,2023-05-27,1
193,58,25000.0,Female,High School,East,2023-04-22,0
194,30,12000.0,Female,Master,North,2023-04-13,0
195,60,24000.0,Male,Master,West,2023-02-15,0
196,62,27000.0,Female,Bachelor,South,2023-03-09,1
197,42,14000.0,Female,Master,East,2023-05-02,0
198,59,24000.0,Female,Master,South,2023-01-15,0
199,53,23000.0,Male,Bachelor,South,2023-05-09,1
200,44,12000.0,Male,PhD,East,2023-04-21,0
201,55,26000.0,Female,PhD,West,2023-01-24,0
202,24,29000.0,Male,Master,East,2023-01-27,0
203,22,38000.0,Female,PhD,South,2023-02-09,0
204,60,37000.0,Female,PhD,East,2023-01-24,1
205,62,11000.0,Female,Master,South,2023-01-24,0
206,68,14000.0,Female,PhD,South,2023-01-04,0
207,48,28000.0,Female,Master,East,2023-03-08,0
208,40,28000.0,Female,High School,North,2023-02-03,1
209,59,28000.0,Female,Bachelor,East,2023-04-26,0
210,27,151000.0,Male,Bachelor,North,2023-01-23,0
211,49,29000.0,Male,PhD,South,2023-04-19,0
212,60,39000.0,Male,PhD,South,2023-03-10,0
213,47,35000.0,Male,PhD,North,2023-04-05,0
214,56,31000.0,Male,Bachelor,South,2023-03-03,0
215,48,19000.0,Male,High School,North,2023-02-26,1
216,35,32000.0,Male,High School,North,2023-02-23,0
217,53,15000.0,Female,Bachelor,South,2023-03-11,1
218,19,20000.0,Female,High School,West,2023-04-11,1
219,31,17000.0,Female,Bachelor,North,2023-02-26,0
220,30,23000.0,Female,High School,East,2023-05-18,0
221,46,70000.0,Male,Master,East,2023-05-15,0
222,29,9000.0,Male,Master,South,2023-04-13,1
223,56,31000.0,Female,Bachelor,West,2023-03-26,0
224,19,10000.0,Female,High School,South,2023-03-02,0
225,49,17000.0,Male,PhD,West,2023-01-03,0
226,30,38000.0,Female,High School,North,2023-05-08,1
227,63,23000.0,Female,Master,North,2023-03-27,1
228,44,13000.0,Female,Master,North,2023-02-16,0
229,66,15000.0,Female,High School,North,2023-03-17,1
230,58,31000.0,Male,High School,East,2023-02-07,0
231,34,15000.0,Female,PhD,East,2023-05-21,0
232,57,25000.0,Female,PhD,South,2023-03-28,1
233,48,23000.0,Male,High School,West,2023-02-27,0
234,51,16000.0,Male,High School,North,2023-02-19,0
235,41,64000.0,Female,High School,North,2023-01-30,0
236,62,30000.0,Male,High School,West,2023-04-11,1
237,52,8000.0,Female,Bachelor,West,2023-01-25,1
238,65,24000.0,Female,High School,South,2023-04-22,1
239,23,16000.0,Male,PhD,West,2023-05-06,1
240,36,34000.0,Female,Master,North,2023-05-03,0
241,47,15000.0,Female,Bachelor,North,2023-02-16,0
242,24,21000.0,Female,High School,North,2023-04-28,0
243,27,28000.0,Female,Master,North,2023-02-08,0
244,58,34000.0,Male,Bachelor,North,2023-01-16,0
245,49,12000.0,Male,Master,South,2023-01-22,1
246,51,19000.0,Female,High School,North,2023-02-23,0
247,45,17000.0,Male,High School,South,2023-05-29,0
248,32,16000.0,Female,PhD,North,2023-01-16,0
249,47,53000.0,Female,High School,East,2023-02-28,0
250,54,27000.0,Female,High School,East,2023-01-31,1
251,46,12000.0,Female,Bachelor,East,2023-02-01,0
252,39,35000.0,Female,PhD,East,2023-01-09,0
253,21,64000.0,Male,Bachelor,South,2023-05-19,1
254,37,37000.0,Female,Master,South,2023-01-10,0
255,49,10000.0,Male,High School,West,2023-01-17,0
256,53,17000.0,Male,Master,North,2023-03-09,0
257,67,42000.0,Female,Bachelor,East,2023-02-17,0
258,21,15000.0,Female,High School,South,2023-04-21,1
259,44,27000.0,Female,High School,North,2023-05-03,1
260,34,32000.0,Female,Bachelor,North,2023-05-29,0
261,29,14000.0,Female,Bachelor,South,2023-04-11,1
262,39,21000.0,Male,Bachelor,East,2023-04-12,0
263,34,4000.0,Female,Bachelor,West,2023-03-06,0
264,27,13000.0,Female,Bachelor,North,2023-02-20,0
265,18,19000.0,Male,High School,West,2023-02-05,0
266,39,12000.0,Male,Bachelor,East,2023-03-22,0
267,43,50000.0,Female,High School,East,2023-05-07,1
268,35,11000.0,Male,High School,West,2023-03-29,1
269,67,18000.0,Female,Bachelor,East,2023-04-14,0
270,31,24000.0,Male,Bachelor,North,2023-01-15,0
271,64,45000.0,Male,PhD,West,2023-04-06,0
272,46,11000.0,Female,High School,East,2023-05-03,0
273,29,39000.0,Male,Bachelor,West,2023-01-01,0
274,53,22000.0,Male,Bachelor,North,2023-05-02,0
275,52,13000.0,Male,Bachelor,East,2023-05-06,1
276,69,28000.0,Male,PhD,North,2023-02-26,0
277,29,24000.0,Male,PhD,East,2023-03-22,0
278,24,16000.0,Male,Master,South,2023-03-14,0
279,46,23000.0,Female,High School,East,2023-05-21,0
280,28,18000.0,Female,Master,West,2023-03-11,0
281,50,23000.0,Male,Bachelor,East,2023-01-06,1
282,23,31000.0,Female,PhD,North,2023-03-25,0
283,64,49000.0,Female,PhD,North,2023-02-21,1
284,32,12000.0,Female,Master,East,2023-01-03,0
285,49,64000.0,Male,PhD,West,2023-03-22,0
286,68,8000.0,Female,Bachelor,South,2023-03-04,0
287,28,20000.0,Male,PhD,West,2023-02-18,1
288,40,30000.0,Female,Master,South,2023-03-17,0
289,43,25000.0,Male,Bachelor,North,2023-04-22,1
290,51,16000.0,Male,Master,West,2023-04-19,0
291,63,20000.0,Female,PhD,South,2023-03-06,1
292,51,17000.0,Female,Master,East,2023-03-22,0
293,46,16000.0,Male,Master,North,2023-01-15,1
294,21,34000.0,Female,High School,East,2023-04-10,0
295,34,26000.0,Female,PhD,North,2023-02-01,1
296,52,16000.0,Female,PhD,West,2023-04-06,0
297,30,35000.0,Male,Master,West,2023-05-08,0
298,58,26000.0,Male,High School,North,2023-05-26,0
299,56,33000.0,Female,PhD,North,2023-04-23,1
300,32,30000.0,Female,Bachelor,North,2023-03-24,0
301,46,15000.0,Female,Master,West,2023-02-12,1
302,46,17000.0,Male,PhD,South,2023-04-26,0
303,28,32000.0,Male,Bachelor,East,2023-03-19,0
304,69,30000.0,Female,PhD,East,2023-02-27,0
305,49,22000.0,Female,Bachelor,West,2023-02-02,1
306,19,23000.0,Female,Master,East,2023-01-14,1
307,64,42000.0,Female,PhD,North,2023-05-12,1
308,31,16000.0,Female,PhD,South,2023-02-28,0
309,37,29000.0,Female,High School,East,2023-03-24,1
310,39,20000.0,Male,Master,South,2023-05-14,1
311,28,20000.0,Female,Bachelor,North,2023-05-01,0
312,44,38000.0,Male,PhD,East,2023-03-24,1
313,20,33000.0,Female,PhD,West,2023-01-27,1
314,34,33000.0,Female,Bachelor,South,2023-03-21,1
315,61,42000.0,Male,Master,North,2023-05-14,1
316,45,22000.0,Male,High School,South,2023-01-13,0
317,46,31000.0,Male,High School,East,2023-03-05,0
318,38,19000.0,Male,PhD,East,2023-05-27,1
319,64,26000.0,Female,Bachelor,West,2023-03-21,0
320,33,21000.0,Male,PhD,North,2023-05-03,1
321,54,23000.0,Female,Bachelor,North,2023-02-12,1
322,37,30000.0,Male,High School,West,2023-03-30,1
323,23,15000.0,Female,Master,West,2023-05-28,1
324,36,63000.0,Female,Bachelor,North,2023-04-05,0
325,22,13000.0,Female,High School,South,2023-01-02,0
326,20,12000.0,Female,PhD,South,2023-04-30,0
327,18,39000.0,Female,Bachelor,West,2023-01-22,0
328,55,33000.0,Female,Master,South,2023-04-25,0
329,32,30000.0,Male,PhD,North,2023-02-26,0
330,51,30000.0,Female,PhD,East,2023-03-13,1
331,52,22000.0,Male,High School,East,2023-01-07,1
332,66,14000.0,Male,Bachelor,South,2023-04-29,0
333,42,23000.0,Female,PhD,West,2023-04-24,0
334,41,16000.0,Male,Master,West,2023-01-16,1
335,29,36000.0,Female,Bachelor,West,2023-03-24,0
336,35,20000.0,Male,Master,West,2023-03-13,0
337,32,15000.0,Female,PhD,West,2023-05-04,0
338,61,19000.0,Male,Master,South,2023-04-23,0
339,33,27000.0,Female,High School,East,2023-01-12,0
340,44,17000.0,Female,Master,East,2023-05-06,1
341,25,15000.0,Female,Bachelor,South,2023-02-22,0
342,63,25000.0,Female,Master,West,2023-03-16,0
343,42,25000.0,Male,Master,South,2023-05-13,0
344,34,17000.0,Female,High School,East,2023-01-27,0
345,46,17000.0,Male,Master,North,2023-05-20,1
346,25,25000.0,Male,Master,South,2023-05-25,1
347,32,11000.0,Male,PhD,West,2023-05-14,1
348,44,11000.0,Female,PhD,East,2023-04-07,0
349,63,15000.0,Male,Bachelor,East,2023-01-05,1
350,67,20000.0,Male,PhD,East,2023-02-26,1
351,69,26000.0,Male,PhD,East,2023-03-19,1
352,24,46000.0,Female,PhD,West,2023-03-10,0
353,20,34000.0,Female,PhD,North,2023-04-28,0
354,46,20000.0,Male,High School,East,2023-04-30,0
355,61,22000.0,Female,PhD,South,2023-02-28,1
356,41,13000.0,Female,High School,North,2023-02-02,0
357,20,22000.0,Male,High School,East,2023-03-03,0
358,37,19000.0,Male,PhD,North,2023-02-19,1
359,63,26000.0,Female,Master,South,2023-04-22,1
360,32,15000.0,Male,High School,East,2023-01-19,1
361,42,29000.0,Female,Master,South,2023-05-03,0
362,47,47000.0,Female,Master,West,2023-02-16,1
363,31,21000.0,Female,PhD,East,2023-02-02,0
364,24,27000.0,Female,Bachelor,East,2023-05-21,0
365,34,31000.0,Female,PhD,East,2023-03-25,0
366,61,18000.0,Female,Bachelor,East,2023-05-15,0
367,37,25000.0,Male,Bachelor,West,2023-03-20,0
368,53,22000.0,Male,PhD,East,2023-01-14,1
369,26,23000.0,Female,PhD,North,2023-05-27,0
370,55,15000.0,Female,Bachelor,East,2023-05-08,1
371,65,22000.0,Female,PhD,West,2023-02-23,0
372,39,28000.0,Male,Bachelor,East,2023-05-28,0
373,19,46000.0,Female,Master,North,2023-01-29,0
374,41,36000.0,Male,PhD,West,2023-01-24,0
375,25,65000.0,Female,Master,West,2023-03-23,0
376,28,15000.0,Female,High School,North,2023-03-04,0
377,30,34000.0,Male,Master,North,2023-04-15,0
378,34,24000.0,Male,Master,North,2023-02-26,0
379,25,66000.0,Female,Bachelor,North,2023-05-16,0
380,38,15000.0,Female,Master,North,2023-03-03,1
381,35,14000.0,Female,PhD,West,2023-01-17,0
382,47,16000.0,Male,Bachelor,West,2023-03-07,1
383,35,8000.0,Male,High School,East,2023-01-06,1
384,63,17000.0,Male,PhD,East,2023-02-27,1
385,64,15000.0,Male,High School,South,2023-03-10,1
386,48,24000.0,Male,Master,East,2023-03-03,0
387,55,26000.0,Male,PhD,East,2023-03-23,1
388,49,56000.0,Female,PhD,North,2023-03-12,1
389,28,35000.0,Female,High School,North,2023-05-11,0
390,62,17000.0,Male,PhD,East,2023-01-10,0
391,42,14000.0,Female,PhD,South,2023-04-08,0
392,50,28000.0,Female,PhD,North,2023-03-30,1
393,55,11000.0,Male,Master,East,2023-02-04,1
394,58,55000.0,Female,High School,East,2023-01-02,0
395,25,40000.0,Male,PhD,West,2023-05-04,0
396,28,17000.0,Male,Bachelor,South,2023-01-24,0
397,39,9000.0,Female,Bachelor,West,2023-03-15,0
398,68,43000.0,Male,Bachelor,South,2023-01-22,1
399,41,21000.0,Male,Bachelor,North,2023-02-08,0
400,58,41000.0,Male,Master,South,2023-01-20,0
401,34,10000.0,Male,PhD,East,2023-02-10,0
402,29,16000.0,Male,High School,East,2023-05-28,1
403,63,22000.0,Male,PhD,South,2023-04-18,0
404,49,23000.0,Male,Master,South,2023-05-27,1
405,32,18000.0,Male,Bachelor,South,2023-03-25,0
406,33,30000.0,Female,Master,West,2023-04-21,0
407,39,13000.0,Female,PhD,South,2023-03-07,0
408,45,21000.0,Female,High School,North,2023-02-22,0
409,37,23000.0,Male,Master,West,2023-02-03,0
410,50,28000.0,Male,High School,West,2023-05-30,1
411,27,31000.0,Female,Master,South,2023-03-08,1
412,57,13000.0,Female,High School,North,2023-05-14,1
413,49,10000.0,Female,High School,West,2023-01-27,0
414,67,42000.0,Male,Bachelor,East,2023-01-10,1
415,50,26000.0,Female,High School,West,2023-03-14,0
416,19,15000.0,Female,Bachelor,South,2023-04-06,0
417,50,48000.0,Male,PhD,North,2023-02-17,0
418,50,23000.0,Female,PhD,South,2023-03-11,0
419,58,40000.0,Male,Bachelor,East,2023-04-10,1
420,30,23000.0,Male,Bachelor,East,2023-02-28,0
421,47,62000.0,Male,Master,East,2023-01-02,0
422,50,53000.0,Female,Master,South,2023-03-06,1
423,30,19000.0,Female,Master,West,2023-03-24,0
424,69,36000.0,Male,PhD,South,2023-01-10,0
425,43,30000.0,Female,Master,North,2023-02-22,0
426,39,44000.0,Female,High School,West,2023-03-20,1
427,56,14000.0,Female,High School,East,2023-02-28,1
428,19,31000.0,Female,Master,South,2023-05-30,0
429,55,37000.0,Male,High School,East,2023-02-17,0
430,56,9000.0,Female,PhD,East,2023-05-29,0
431,43,12000.0,Male,High School,North,2023-05-03,1
432,63,8000.0,Male,PhD,West,2023-01-22,0
433,67,19000.0,Female,Bachelor,North,2023-04-10,0
434,32,32000.0,Male,Bachelor,North,2023-04-08,0
435,51,47000.0,Female,Bachelor,North,2023-01-25,0
436,59,23000.0,Female,Bachelor,East,2023-01-28,0
437,61,50000.0,Male,High School,North,2023-04-23,1
438,66,11000.0,Male,Master,North,2023-02-14,0
439,57,9000.0,Male,High School,West,2023-03-09,0
440,28,21000.0,Male,PhD,West,2023-01-07,1
441,20,27000.0,Female,High School,North,2023-02-18,1
442,23,22000.0,Female,High School,West,2023-05-17,0
443,26,8000.0,Female,PhD,West,2023-03-24,0
444,23,21000.0,Male,Bachelor,North,2023-05-09,0
445,26,11000.0,Male,Bachelor,East,2023-05-18,1
446,56,31000.0,Male,Bachelor,North,2023-03-14,0
447,48,26000.0,Female,Master,West,2023-02-15,1
448,49,14000.0,Male,PhD,East,2023-04-16,1
449,58,17000.0,Female,PhD,South,2023-02-01,0
450,67,13000.0,Male,High School,East,2023-01-06,0
451,29,21000.0,Female,Master,West,2023-05-25,0
452,25,36000.0,Female,Bachelor,East,2023-03-15,0
453,25,13000.0,Male,Master,North,2023-04-24,0
454,67,28000.0,Male,PhD,South,2023-01-27,1
455,45,17000.0,Female,PhD,South,2023-02-23,1
456,37,15000.0,Female,High School,South,2023-03-26,0
457,64,21000.0,Male,High School,West,2023-05-07,1
458,24,13000.0,Male,PhD,West,2023-04-21,0
459,28,17000.0,Female,Bachelor,South,2023-01-15,0
460,37,12000.0,Male,Bachelor,East,2023-05-12,0
461,33,59000.0,Female,Master,South,2023-04-03,1
462,21,22000.0,Female,PhD,East,2023-05-03,1
463,23,16000.0,Male,PhD,East,2023-03-14,1
464,39,25000.0,Male,Bachelor,West,2023-05-27,0
465,43,21000.0,Male,Bachelor,East,2023-04-02,0
466,20,20000.0,Male,PhD,South,2023-01-17,0
467,58,30000.0,Male,High School,West,2023-02-12,0
468,59,32000.0,Female,PhD,North,2023-05-01,1
469,31,17000.0,Female,PhD,North,2023-02-10,1
470,28,17000.0,Male,Bachelor,West,2023-02-08,1
471,35,19000.0,Male,Bachelor,South,2023-04-23,0
472,29,7000.0,Male,High School,North,2023-04-21,0
473,40,10000.0,Female,High School,North,2023-02-16,0
474,29,44000.0,Male,Master,East,2023-03-04,0
475,30,50000.0,Male,PhD,East,2023-04-20,0
476,42,19000.0,Female,Bachelor,South,2023-03-10,1
477,62,29000.0,Female,High School,West,2023-02-12,1
478,68,26000.0,Male,Master,South,2023-02-03,0
479,36,103000.0,Male,Master,West,2023-02-09,0
480,63,39000.0,Male,Bachelor,North,2023-03-02,0
481,53,21000.0,Female,Bachelor,East,2023-03-03,0
482,62,14000.0,Male,Master,South,2023-02-27,1
483,25,10000.0,Male,High School,South,2023-03-16,0
484,46,24000.0,Male,Master,West,2023-01-16,0
485,49,15000.0,Female,PhD,West,2023-03-23,0
486,68,11000.0,Female,PhD,South,2023-04-04,1
487,61,16000.0,Male,Bachelor,West,2023-02-17,0
488,35,13000.0,Male,High School,South,2023-05-18,0
489,23,51000.0,Female,High School,South,2023-03-23,0
490,35,34000.0,Female,PhD,South,2023-02-07,1
491,36,22000.0,Female,Master,North,2023-05-07,1
492,39,46000.0,Female,Bachelor,West,2023-01-19,0
493,54,23000.0,Female,Master,East,2023-03-04,1
494,49,14000.0,Female,Master,East,2023-03-18,1
495,58,47000.0,Female,Master,West,2023-05-11,1
496,20,29000.0,Female,High School,South,2023-04-12,1
497,45,13000.0,Female,PhD,East,2023-03-06,1
498,27,20000.0,Male,High School,East,2023-04-30,0
499,68,14000.0,Male,PhD,West,2023-04-01,1
500,52,11000.0,Male,Bachelor,East,2023-01-08,0
501,46,35000.0,Female,Bachelor,South,2023-03-14,1
502,32,57000.0,Male,Master,West,2023-05-14,0
503,50,11000.0,Female,PhD,South,2023-04-17,1
504,24,29000.0,Female,PhD,East,2023-03-30,1
505,29,16000.0,Male,PhD,East,2023-02-08,0
506,66,17000.0,Female,Master,South,2023-04-23,1
507,47,16000.0,Male,Master,North,2023-01-28,0
508,38,14000.0,Male,Bachelor,East,2023-04-07,1
509,48,23000.0,Male,High School,North,2023-02-06,0
510,41,15000.0,Female,PhD,East,2023-05-17,0
511,37,25000.0,Male,PhD,North,2023-03-23,1
512,54,21000.0,Female,High School,North,2023-02-25,0
513,21,20000.0,Male,PhD,North,2023-03-26,1
514,45,14000.0,Male,Master,South,2023-01-02,0
515,61,17000.0,Male,Master,North,2023-02-27,0
516,37,32000.0,Female,PhD,North,2023-04-17,0
517,41,28000.0,Female,Master,North,2023-05-03,0
518,67,14000.0,Female,Master,East,2023-04-24,0
519,66,23000.0,Male,PhD,North,2023-04-17,0
520,68,32000.0,Male,Bachelor,East,2023-02-06,0
521,49,10000.0,Female,High School,North,2023-03-20,0
522,58,29000.0,Female,Master,North,2023-04-02,1
523,53,16000.0,Female,Bachelor,South,2023-01-18,1
524,51,29000.0,Female,Master,East,2023-04-08,0
525,53,15000.0,Female,Master,North,2023-03-04,1
526,19,9000.0,Female,High School,East,2023-05-30,0
527,32,10000.0,Male,Master,East,2023-05-19,1
528,51,23000.0,Female,High School,West,2023-01-04,1
529,53,25000.0,Male,High School,South,2023-05-15,1
530,23,14000.0,Male,High School,South,2023-03-02,0
531,56,30000.0,Female,Bachelor,South,2023-04-17,1
532,59,10000.0,Female,PhD,West,2023-02-23,0
533,68,21000.0,Male,Bachelor,West,2023-03-29,1
534,68,12000.0,Female,PhD,South,2023-03-09,0
535,29,16000.0,Female,PhD,West,2023-05-09,1
536,20,23000.0,Male,High School,West,2023-02-24,1
537,62,14000.0,Male,Master,West,2023-01-03,1
538,35,18000.0,Male,High School,South,2023-05-01,0
539,57,36000.0,Female,Master,South,2023-05-09,1
540,38,17000.0,Male,PhD,South,2023-04-12,0
541,32,33000.0,Female,High School,West,2023-02-07,1
542,50,13000.0,Male,Master,South,2023-03-26,0
543,52,29000.0,Male,Bachelor,West,2023-05-13,0
544,43,45000.0,Male,Master,North,2023-04-02,0
545,25,6000.0,Female,High School,West,2023-01-21,0
546,53,15000.0,Female,Bachelor,East,2023-04-19,0
547,65,29000.0,Male,Master,South,2023-02-16,0
548,47,20000.0,Male,Master,South,2023-03-25,0
549,40,27000.0,Male,Master,East,2023-03-24,1
550,59,16000.0,Female,Master,West,2023-02-04,1
551,61,23000.0,Male,Master,North,2023-03-10,0
552,31,20000.0,Female,Bachelor,East,2023-05-09,0
553,31,39000.0,Male,PhD,East,2023-05-20,0
554,19,25000.0,Male,Bachelor,West,2023-01-27,0
555,54,26000.0,Male,Bachelor,South,2023-02-25,1
556,22,18000.0,Male,Bachelor,West,2023-01-23,1
557,55,17000.0,Male,PhD,East,2023-01-21,0
558,62,18000.0,Male,High School,East,2023-03-02,0
559,58,27000.0,Female,PhD,South,2023-03-04,0
560,64,18000.0,Male,Bachelor,South,2023-05-02,1
561,31,25000.0,Female,Master,South,2023-02-21,1
562,56,62000.0,Male,Master,West,2023-03-29,0
563,42,34000.0,Male,Bachelor,South,2023-02-24,0
564,37,19000.0,Female,Master,East,2023-02-15,1
565,19,40000.0,Male,Bachelor,East,2023-02-01,1
566,56,18000.0,Female,Master,North,2023-02-24,0
567,23,8000.0,Female,PhD,West,2023-04-06,0
568,34,13000.0,Male,High School,North,2023-05-13,0
569,42,9000.0,Female,High School,East,2023-02-05,0
570,45,18000.0,Female,PhD,North,2023-04-20,0
571,19,22000.0,Male,PhD,East,2023-04-16,0
572,52,51000.0,Female,Bachelor,North,2023-02-27,0
573,54,26000.0,Male,Bachelor,South,2023-02-08,0
574,22,20000.0,Male,Bachelor,North,2023-03-21,1
575,18,33000.0,Male,Master,South,2023-04-07,0
576,57,7000.0,Male,Bachelor,South,2023-04-23,0
577,29,25000.0,Female,PhD,West,2023-03-02,0
578,53,32000.0,Male,High School,South,2023-05-17,0
579,62,11000.0,Male,Master,South,2023-01-06,1
580,40,39000.0,Female,Bachelor,North,2023-04-19,0
581,64,26000.0,Male,Master,East,2023-02-04,0
582,48,18000.0,Male,Master,West,2023-02-08,1
583,28,30000.0,Female,Bachelor,South,2023-05-30,0
584,27,69000.0,Female,Master,West,2023-04-28,1
585,20,24000.0,Female,High School,North,2023-01-05,0
586,31,25000.0,Female,PhD,South,2023-03-28,0
587,33,18000.0,Female,PhD,North,2023-03-17,0
588,27,14000.0,Female,High School,West,2023-02-26,0
589,46,33000.0,Female,Master,North,2023-05-07,1
590,27,14000.0,Male,Bachelor,West,2023-01-29,1
591,29,23000.0,Female,Master,North,2023-03-28,0
592,47,17000.0,Female,High School,West,2023-05-21,0
593,58,28000.0,Female,Master,East,2023-02-15,1
594,18,26000.0,Male,PhD,North,2023-04-26,1
595,22,37000.0,Male,Master,North,2023-04-22,0
596,37,17000.0,Female,High School,East,2023-02-14,0
597,25,19000.0,Female,PhD,East,2023-05-25,0
598,60,14000.0,Female,Master,North,2023-04-14,1
599,29,18000.0,Male,Master,East,2023-03-26,0
600,18,27000.0,Male,PhD,South,2023-05-14,0
601,37,32000.0,Female,Bachelor,West,2023-04-18,1
602,45,14000.0,Male,PhD,West,2023-01-18,0
603,60,34000.0,Female,Bachelor,West,2023-04-04,0
604,54,43000.0,Male,High School,South,2023-05-30,0
605,64,27000.0,Male,High School,East,2023-02-02,0
606,54,56000.0,Female,PhD,East,2023-05-06,0
607,29,15000.0,Female,PhD,North,2023-05-02,0
608,54,12000.0,Female,High School,East,2023-05-18,0
609,66,9000.0,Female,Bachelor,North,2023-04-25,0
610,66,47000.0,Male,High School,South,2023-01-28,1
611,61,31000.0,Male,PhD,West,2023-01-11,1
612,45,21000.0,Male,High School,West,2023-02-16,0
613,64,25000.0,Female,PhD,West,2023-05-07,0
614,32,13000.0,Male,PhD,East,2023-05-27,0
615,23,75000.0,Female,High School,North,2023-04-28,0
616,61,23000.0,Male,Bachelor,North,2023-05-23,0
617,37,23000.0,Female,Master,South,2023-05-06,1
618,67,32000.0,Female,High School,East,2023-03-13,0
619,31,28000.0,Male,Master,South,2023-04-17,0
620,19,25000.0,Female,High School,North,2023-05-17,0
621,26,15000.0,Female,Master,North,2023-02-02,1
622,54,28000.0,Male,Bachelor,West,2023-01-19,0
623,37,56000.0,Female,Bachelor,East,2023-03-15,1
624,43,43000.0,Female,High School,North,2023-04-08,0
625,46,49000.0,Female,PhD,West,2023-05-21,1
626,18,17000.0,Male,Master,East,2023-05-09,1
627,52,13000.0,Male,PhD,South,2023-04-03,0
628,23,21000.0,Female,PhD,East,2023-02-17,0
629,54,23000.0,Male,PhD,East,2023-03-05,0
630,22,38000.0,Female,Bachelor,North,2023-03-02,0
631,50,9000.0,Female,High School,North,2023-02-08,1
632,66,47000.0,Female,High School,East,2023-05-08,1
633,68,20000.0,Female,Bachelor,North,2023-03-29,1
634,31,18000.0,Female,Bachelor,North,2023-01-26,1
635,29,13000.0,Male,High School,North,2023-01-17,0
636,59,10000.0,Female,PhD,West,2023-03-12,0
637,37,33000.0,Male,Master,West,2023-01-13,1
638,67,23000.0,Male,Master,East,2023-03-10,0
639,41,12000.0,Female,Master,North,2023-01-26,1
640,60,12000.0,Female,PhD,West,2023-02-18,0
641,51,19000.0,Male,High School,East,2023-01-07,0
642,42,51000.0,Male,Bachelor,North,2023-02-27,1
643,67,19000.0,Male,High School,South,2023-02-18,0
644,46,10000.0,Female,PhD,North,2023-04-13,1
645,56,19000.0,Male,Bachelor,North,2023-02-22,1
646,48,19000.0,Female,PhD,West,2023-03-03,1
647,64,6000.0,Female,Master,East,2023-01-17,1
648,60,21000.0,Female,Master,East,2023-01-25,0
649,67,20000.0,Male,PhD,West,2023-05-11,1
650,40,31000.0,Female,Bachelor,North,2023-01-29,0
651,61,56000.0,Female,Bachelor,South,2023-04-27,0
652,55,39000.0,Female,High School,North,2023-01-26,1
653,37,19000.0,Female,Master,North,2023-05-04,0
654,40,13000.0,Female,High School,South,2023-05-24,0
655,62,80000.0,Male,High School,West,2023-01-25,0
656,69,23000.0,Female,PhD,East,2023-02-23,0
657,33,22000.0,Female,PhD,West,2023-03-14,1
658,67,22000.0,Male,High School,West,2023-04-30,0
659,59,24000.0,Female,Master,North,2023-02-25,1
660,25,20000.0,Male,PhD,East,2023-03-06,1
661,67,17000.0,Female,High School,East,2023-04-03,1
662,38,17000.0,Male,High School,West,2023-03-27,0
663,18,22000.0,Male,High School,South,2023-03-21,1
664,25,17000.0,Female,High School,West,2023-04-18,0
665,46,15000.0,Female,High School,South,2023-04-28,1
666,49,23000.0,Female,High School,East,2023-03-24,0
667,55,19000.0,Male,PhD,West,2023-05-27,1
668,22,47000.0,Male,Master,North,2023-01-15,1
669,64,6000.0,Male,High School,West,2023-05-11,0
670,39,38000.0,Female,Bachelor,East,2023-05-19,0
671,64,41000.0,Male,PhD,North,2023-01-30,1
672,51,8000.0,Male,PhD,North,2023-02-26,0
673,18,19000.0,Female,High School,South,2023-05-26,1
674,43,18000.0,Male,PhD,North,2023-05-08,0
675,60,11000.0,Male,High School,North,2023-02-17,0
676,27,15000.0,Female,Master,West,2023-05-16,1
677,47,13000.0,Male,Master,East,2023-01-22,1
678,67,53000.0,Female,PhD,South,2023-01-06,1
679,35,35000.0,Female,PhD,West,2023-04-14,0
680,34,42000.0,Female,Bachelor,North,2023-02-05,1
681,43,32000.0,Female,PhD,North,2023-03-20,0
682,25,13000.0,Female,Bachelor,South,2023-04-26,1
683,64,17000.0,Male,Master,East,2023-02-26,1
684,57,28000.0,Male,Master,South,2023-02-18,0
685,66,12000.0,Female,High School,West,2023-03-23,0
686,29,31000.0,Female,Master,South,2023-03-07,0
687,44,20000.0,Male,Bachelor,North,2023-03-18,1
688,25,18000.0,Female,PhD,West,2023-02-14,0
689,42,31000.0,Female,High School,North,2023-03-20,1
690,63,28000.0,Female,Bachelor,East,2023-01-20,0
691,21,18000.0,Male,PhD,North,2023-05-03,1
692,50,39000.0,Male,High School,North,2023-03-08,1
693,18,13000.0,Female,Master,South,2023-03-24,0
694,36,30000.0,Female,Bachelor,North,2023-01-03,0
695,48,30000.0,Male,PhD,West,2023-03-05,0
696,33,19000.0,Male,High School,West,2023-02-09,1
697,31,26000.0,Female,High School,East,2023-02-28,1
698,65,12000.0,Female,Master,West,2023-03-03,0
699,22,35000.0,Male,PhD,South,2023-05-12,1
700,58,20000.0,Male,Master,East,2023-03-01,0
701,43,17000.0,Male,Master,West,2023-04-26,0
702,45,37000.0,Female,PhD,South,2023-03-16,1
703,19,15000.0,Male,PhD,West,2023-05-02,0
704,67,11000.0,Female,PhD,West,2023-04-17,0
705,23,10000.0,Male,Bachelor,North,2023-04-06,0
706,26,30000.0,Male,PhD,West,2023-04-01,0
707,50,12000.0,Male,High School,West,2023-05-10,0
708,58,53000.0,Male,Master,South,2023-03-03,0
709,42,8000.0,Female,Bachelor,South,2023-02-18,1
710,65,51000.0,Female,PhD,North,2023-05-17,0
711,30,24000.0,Male,Bachelor,West,2023-04-02,0
712,26,21000.0,Female,PhD,North,2023-05-04,0
713,30,17000.0,Male,Bachelor,West,2023-03-02,0
714,48,27000.0,Male,Master,East,2023-02-17,1
715,58,22000.0,Male,Master,East,2023-05-16,1
716,28,38000.0,Male,High School,North,2023-02-27,0
717,21,23000.0,Female,High School,North,2023-04-11,1
718,51,24000.0,Male,PhD,North,2023-04-22,0
719,55,18000.0,Male,Master,South,2023-03-03,0
720,63,21000.0,Female,Bachelor,South,2023-02-08,0
721,21,26000.0,Male,Bachelor,South,2023-02-27,0
722,55,9000.0,Male,Bachelor,North,2023-04-09,0
723,36,11000.0,Male,High School,West,2023-02-13,1
724,23,32000.0,Female,Bachelor,East,2023-01-29,0
725,51,24000.0,Male,High School,North,2023-02-28,1
726,35,20000.0,Female,High School,South,2023-03-12,0
727,30,22000.0,Male,PhD,South,2023-04-02,0
728,58,26000.0,Male,Bachelor,North,2023-01-09,1
729,40,17000.0,Female,Bachelor,North,2023-05-07,0
730,36,15000.0,Male,Master,South,2023-05-14,0
731,62,24000.0,Male,PhD,West,2023-05-25,1
732,28,14000.0,Female,Master,South,2023-05-24,1
733,18,27000.0,Female,PhD,South,2023-05-11,1
734,41,9000.0,Female,Bachelor,North,2023-01-21,1
735,24,37000.0,Female,High School,West,2023-03-05,1
736,42,28000.0,Female,High School,South,2023-03-31,1
737,38,25000.0,Male,High School,South,2023-02-05,0
738,32,36000.0,Female,High School,East,2023-03-03,0
739,18,51000.0,Male,High School,North,2023-03-17,0
740,29,37000.0,Male,Master,East,2023-01-13,0
741,24,9000.0,Male,PhD,East,2023-01-11,1
742,32,12000.0,Female,Bachelor,South,2023-02-23,1
743,38,16000.0,Female,Master,North,2023-01-16,0
744,36,22000.0,Male,PhD,West,2023-01-08,0
745,46,29000.0,Female,High School,South,2023-04-14,1
746,42,15000.0,Female,PhD,West,2023-02-28,0
747,50,24000.0,Female,PhD,West,2023-02-26,1
748,66,15000.0,Female,High School,North,2023-02-09,0
749,49,16000.0,Male,High School,East,2023-05-10,0
750,66,11000.0,Male,High School,North,2023-04-04,0
751,52,14000.0,Female,Bachelor,West,2023-05-18,0
752,61,11000.0,Male,High School,South,2023-02-13,1
753,55,14000.0,Female,Bachelor,West,2023-05-19,1
754,43,37000.0,Female,High School,South,2023-03-21,1
755,28,14000.0,Male,Bachelor,South,2023-03-22,0
756,52,82000.0,Male,PhD,North,2023-01-02,0
757,25,28000.0,Male,Master,West,2023-05-20,1
758,63,24000.0,Female,PhD,East,2023-04-25,1
759,31,14000.0,Male,PhD,West,2023-03-31,0
760,27,31000.0,Female,High School,West,2023-01-23,0
761,19,17000.0,Male,Bachelor,East,2023-05-26,1
762,63,23000.0,Male,Master,North,2023-03-03,0
763,26,79000.0,Female,High School,West,2023-04-23,0
764,20,21000.0,Female,High School,West,2023-05-08,0
765,38,39000.0,Female,High School,South,2023-03-03,0
766,43,15000.0,Female,PhD,West,2023-02-07,1
767,25,22000.0,Female,Bachelor,East,2023-03-02,1
768,65,53000.0,Female,Bachelor,South,2023-05-09,0
769,19,16000.0,Female,Master,North,2023-05-29,0
770,23,55000.0,Female,Bachelor,South,2023-05-02,0
771,45,31000.0,Male,Bachelor,East,2023-04-20,0
772,46,17000.0,Female,High School,East,2023-01-13,0
773,43,30000.0,Female,High School,South,2023-04-10,1
774,42,36000.0,Male,PhD,North,2023-05-15,0
775,29,30000.0,Female,High School,South,2023-01-22,0
776,22,10000.0,Male,High School,North,2023-03-15,0
777,51,15000.0,Male,High School,South,2023-05-12,0
778,65,19000.0,Female,High School,East,2023-01-23,0
779,54,21000.0,Male,PhD,West,2023-04-29,0
780,32,30000.0,Female,High School,West,2023-03-11,1
781,61,24000.0,Male,Master,North,2023-03-25,0
782,53,11000.0,Male,Master,North,2023-04-11,0
783,32,27000.0,Male,Master,North,2023-03-25,1
784,60,30000.0,Female,Master,East,2023-01-28,1
785,65,29000.0,Female,High School,South,2023-05-16,0
786,40,38000.0,Male,Master,East,2023-01-01,1
787,23,33000.0,Male,High School,West,2023-03-04,0
788,63,28000.0,Female,PhD,North,2023-01-22,0
789,67,21000.0,Female,Master,South,2023-03-11,0
790,61,10000.0,Male,Bachelor,West,2023-05-05,1
791,60,27000.0,Male,Master,West,2023-05-29,1
792,62,24000.0,Female,Master,West,2023-04-06,0
793,38,25000.0,Female,High School,East,2023-03-20,0
794,40,12000.0,Female,Master,North,2023-01-05,1
795,60,13000.0,Female,Bachelor,West,2023-03-01,0
796,33,37000.0,Female,High School,North,2023-04-30,0
797,64,22000.0,Male,High School,East,2023-02-15,1
798,32,31000.0,Female,PhD,West,2023-05-14,1
799,42,22000.0,Male,PhD,East,2023-02-25,1
800,53,22000.0,Female,Master,East,2023-04-20,1
